{"ABUWOJ": 42.86014680554603, "acs.chemrev.6b00346": 43.35179955593433, "ACUFEK": 40.84202427232055, "ADASAB": 42.57383443929809, "ADASEF": 41.26605473308145, "ADASIJ": 37.802836351827736, "ADASOP": 49.70188234686903, "AFOYOK": 27.63344763260124, "ALANAD": 35.07247756745854, "ANONAT": 38.814497729510265, "ARAFIJ": 36.755301748114974, "ARAFOP": 19.18226774065253, "ASIVAB": 38.7005347535579, "ASUKEE01": 26.719970344730314, "ASUKEE": 37.94800416875375, "ATAFIK": 57.017769344243504, "AVAKAL": 39.6866117256135, "AVESOL": 27.685593879009833, "AVIMOI": 34.860316597301654, "AZAVUU": 38.21580774967208, "AZIMIH": 66.1222733757726, "AZIVAI": 14.286507489092187, "AZIXUD": 28.390968274505894, "BAWROI": 61.04640123336075, "BAZGAM": 19.983160505222237, "BAZGEQ": 37.48084337371297, "BEXSII": 37.65578795956881, "BIDPOV": 32.964456076097086, "BIMDIL": 46.68532244414469, "BINROH": 30.701253490861433, "BINRUN": 61.0273434520857, "BOVHEB": 43.9480470325672, "BOWNUY": 42.17372996928565, "BOWZUK": 34.76756319166631, "BOYCEY": 40.60327332628143, "BUBWOM": 39.69110278467612, "c6ce00407e": 33.00883401062338, "CAVPUM": 57.56248298876403, "CAWVIH": 26.054578140623143, "cg400449c": 41.84668428744189, "cg401887b": 43.86383657625331, "cg900153m": 52.12695991754511, "CIRTUU": 40.1681748976859, "CIZMIJ": 55.38265203991209, "cm501138g": 42.201863656531316, "COKMOG": 29.48247575976983, "COKNAT": 60.30219232205693, "COKPUP": 67.8667117802853, "COKQAW": 35.174676846700024, "COKQOK": 66.78194001989462, "COTYIV": 46.265628934673146, "CUGLTM01": 35.93633153053382, "CUGLTM02": 34.38073252662055, "CUQROX": 36.711978275059735, "CUSZIB": 28.25445183649947, "CUYWUP": 42.84799907312673, "DACFAR": 24.680319044455718, "DAKVOC": 45.49311578489821, "DAKVUI": 30.136435115643213, "DAWCIP": 39.936023502618625, "DEPXAY": 53.76408619165984, "DIHVIB01": 40.64478644688523, "DIHVIB": 38.309706650971755, "DITTEH": 57.83884405910129, "DITYEM": 43.20894217573188, "DOTFID": 34.46711448062952, "DOYHUW": 62.37579997851308, "DUDKOE": 71.4881795316666, "DUGMOJ": 36.02523973914553, "DUPKAC": 47.497728981665446, "DURDAX": 36.21385183162457, "DUZPUL": 11.943430162017197, "EBATUZ": 42.8457102530235, "EBUQEX": 32.302459836489845, "ECIWOC": 39.66940180193857, "ECOGEI": 41.72029304163803, "ECOKAJ": 49.49236782142057, "EDUSUR": 48.3143576658017, "EDUTIG": 54.92768415106044, "EFAYIU": 54.02222253369607, "EFESOZ": 40.787411870065014, "EJOQUR": 43.92336373967936, "ENIHUG01": 39.41740783110501, "EPECIN": 61.09414787480595, "EPEYAB": 33.73484725914068, "EPISOM": 45.859381832009404, "EPOTAF": 44.10422875648645, "ERIRIG": 51.95372180965082, "ESEHIV": 34.84662991127596, "ESEVIH": 9.561695110511883, "ETAXUT": 73.29034621968496, "EVAKIV": 37.64359581965205, "EWUCOP": 35.974111343026465, "EWUKIS": 71.80953053633546, "FAGQAI": 37.194674436542314, "FAGREM": 50.1839784729569, "FAGXIX": 52.29202413403803, "FAGXOD": 50.12643917226653, "FAHPOV": 53.003415742519266, "FAKLUA": 28.541030032367775, "FAMPUH": 38.69414936923526, "FAMQAO": 42.474604159729644, "FAMQES": 44.79221475629919, "FAWCEN": 44.168370952074824, "FESBEM": 55.95557649581933, "FIJCUX01": 52.92555405601557, "FOJLOH": 44.489997725082695, "FONPUV": 41.02503100379346, "FUDGES": 63.32223775545073, "FUHNIH": 53.69462272481097, "FURSES": 42.457562626749116, "FUTYEA": 2.494337958434259, "FUTYOK": 33.20360899041218, "FUTZAX": 62.85847675324591, "FUTZEB": 42.94054237205322, "FUVBAB": 33.37129641600287, "FUWXOL": 40.73258846619411, "GAFROX": 80.37452594168329, "GAHWIX": 48.9382930571836, "GAMFEI": 31.05233613191704, "GAMXAV": 59.01637216600096, "GAQKOB": 35.72396307671302, "GAWMOJ": 43.72132705515496, "GAYGAQ": 37.505323459300385, "GEGDED": 40.49261160268246, "GIDKOU": 66.83478416092089, "GIRXUC": 80.28181838864421, "GISMAY": 38.28892737522722, "GISNED": 53.87218570846112, "GONNAA": 61.64359997664444, "GOQSIQ": 45.315480757832105, "GOSDID": 64.66244089289947, "GUFXEM": 59.38190045413798, "HAFWIW": 50.132485460892426, "HAJMIQ": 42.44522192277074, "HAJPEQ": 35.56061107380533, "HALQUJ": 38.369009427851196, "HANWAW": 40.78284775599368, "HAQJIV": 39.84884282052572, "HAQRID": 75.76946251013025, "HEBTEP": 50.88801657981066, "HEDCEA": 42.17179108482912, "HEGJUZ": 42.997123373134116, "HENYUV": 34.29360281134928, "HICVOG": 62.44610025579766, "HIDMEO": 46.71457077125224, "HIFVUO01": 42.98058859271923, "HIFWAV": 38.71797122382907, "HIQNAY": 50.50959276229173, "HIWXER01": 52.31905442055403, "HIYGIH": 41.98791108260919, "HOFSUS": 41.36440487014056, "HOGLEV": 45.847233162031, "HOLQIK": 48.98809086815895, "HOTFED": 54.185242130000994, "HOWSAP": 29.174522816780588, "HUJGEA": 35.04966309572774, "HUZSOL": 50.5952251792963, "ic5b00194": 42.95401429898298, "ic402692p": 57.240725997337584, "ic502921j": 42.674273376124006, "ic5028256": 42.69770328589156, "IDIWUN": 32.88272834473348, "IDIXAU": 25.21200005697626, "IDORIE": 38.2675843870051, "IDUDES": 49.41550397502859, "IDUDIW": 37.80735778317295, "IFENOY03": 43.92446564549556, "IFEPUG": 44.46263198671303, "IJEXIF": 57.50278218676557, "ILAXEA": 35.43542229066891, "IQEKOG": 47.21790378406788, "IQOJAB": 35.940077975384995, "IRELAU": 55.77546184223759, "IVETOT": 38.767721048576604, "IVOGUX": 58.51227480331321, "IWAZEL": 40.98634178130639, "IWEVAJ": 40.42155253494781, "IYOWID": 53.35265772710798, "IYUQID": 59.71535735833836, "IZEWAN": 52.64560477159925, "IZUVUV": 68.75309541778581, "ja106851d": 38.458018022006904, "ja308995t": 55.584674236251544, "ja411887c": 66.61350894417572, "ja512311a": 47.49587442953564, "ja4012707": 60.81906533334317, "ja5063423": 46.71324816138972, "jacs.6b02030": 63.451424616857565, "JALPAQ": 39.47982469861494, "JENKET": 44.185258124967376, "JENKIX": 39.89313624054627, "JOVYAW": 62.89377302084816, "JUWBIO": 46.95203801378176, "KAFYAT": 39.75954950035735, "KAJZIH": 31.695006806433693, "KAWHEY": 54.12310093215608, "KEDQAN": 46.068100205591556, "KEFBII": 70.05270564457643, "KEGZOL02": 55.09983854215365, "KEGZOL03": 49.286216830883774, "KEGZOL04": 58.638070213826836, "KEGZOL": 51.63232231230859, "KEQDER": 52.56028923132558, "KOHKIC": 41.1110394515243, "KOJZEP": 41.19612834763937, "KOJZIT": 44.78303522056092, "KOKDEU": 41.57891563834428, "KOMCOG": 40.90086934330658, "KOZQEX": 46.66545985578397, "KUKHAB": 46.270004988686495, "KUYPIF": 69.48336321606307, "la4012839": 59.95523176881677, "LAFFEG02": 41.154697694894935, "LAGWUN": 57.918743809918, "LAPZIO": 33.578168147881186, "LAQNID": 43.33615309748757, "LARPEC": 72.3820009884538, "LARXUA": 42.16124456978261, "LASDEQ": 40.07113544375085, "LAWFOF": 56.176903281152725, "LAWFUL": 16.518720514163945, "LAWGAS": 37.293099458109275, "LAZJIH": 50.00519472691023, "LEHXUT": 41.84456777197378, "LELDUD": 40.68271839512191, "LIKDOA": 52.63420320126471, "LIKGUJ": 41.02244971814675, "LITDAV": 65.82437935999963, "LIVTIT": 40.171706482407714, "LUDLED": 37.61203697808045, "LUDLIH": 41.16052882715714, "LUMMAJ": 56.6179333100535, "LUMYID": 42.586853169445945, "LUMYOJ": 48.35190914349313, "LUMYUP": 49.495954771020955, "LUMZAW": 62.35669871436375, "LUSYEF": 36.190940215962776, "LUXDUE": 52.68298105735484, "MAFJIO": 37.417980656440605, "MAHCEG": 20.50180101400523, "MAHCIK": 44.71098854364948, "MATXAJ": 58.19027192064051, "MAYKOO": 32.014251591447604, "MECWIB": 34.40516443179575, "MEFJOY": 60.34060941988471, "MEFJUE": 54.46934853474818, "MEJMOE": 16.8595500684089, "MEYLIN": 45.36300175256693, "MIDCAF": 58.2293668274061, "MIFKUJ": 40.37497283544646, "MILROQ": 37.61795908510684, "MIXBAY": 49.91383072767199, "MIXBEC": 42.197208307029875, "MOLQEL": 53.39869344016457, "MUDTAH": 73.89343568342802, "MUDTEL": 38.85452317889504, "MUGQAI": 45.811725747216045, "MUPQAQ": 44.581662358021504, "MUVGOA": 39.42319682976793, "NACYAU": 58.25810966540856, "NAHDIM": 40.185585066753504, "NAHNES": 36.56225019995504, "NANYUX03": 55.67491063578501, "NASRIL": 44.36784584442282, "NASROR": 65.58806661309106, "NATFAS": 47.097645006196444, "NATKIF": 37.974549967369114, "NATKOL": 37.70300084715626, "NAWXER": 27.839105697503566,