{"ROMQAN": 36.726591283664504, "IFENOY03": 40.25799667802177, "REWLEM": 51.33105623124256, "NUCPEI": 42.42870697223462, "KAJZIH": 39.340512919045025, "MECWIB": 5.338897685105468, "BEXSII": 37.58467194078551, "CUSZIB": 29.353505174128976, "VETMIS": 44.91149752980375, "CAVPUM": 39.93174856629453, "ja512311a": 28.280296278280524, "COKQAW": 26.899476119728387, "ja106851d": 32.32254930185372, "WULJUJ": 37.55780554299791, "WULKAQ": 40.48033533162884, "ic5b00194": 42.377301058408015, "UMODEH25": 39.389145389852786, "ZOXGOK": 41.18623436964902, "BOWZUK": 40.90450330501413, "URUWIP": 47.561180535148125, "UMODEH11": 32.92505063630129, "NURMUJ": 32.799893833075366, "MAFJIO": 37.458255093386946, "UMODEH16": 40.590990967875776, "IDIWUN": 33.32068575721875, "ASIVAB": 41.64948999174176, "SIVGIP": 9.651198173149941, "IJEXIF": 46.184736446956705, "MAHCIK": 30.972060937342413, "EBATUZ": 44.045885759879205, "ECOGEI": 45.157915421191504, "ZIKJIO": 40.27317397759692, "UMOVEZ02": 39.69036857173343, "XAFFUH": 43.268240602949874, "HOLQIK": 40.06538053232971, "NEYVEU": 39.35453949851139, "ic502921j": 40.025824832627606, "RIPNOV": 12.165858967993325, "TONVAV": 38.730349698931214, "PAPPAZ": 53.58416755261925, "XOVPUU": 37.581180808659774, "ADASIJ": 38.02211835277096, "LUMYOJ": 59.135362050454276, "EFESOZ": 34.602933479516125, "XEXMEU": 44.508601022287785, "WIJXIY": 2.494337958434574, "AVAKAL": 42.207223436463515, "WOYJOL": 39.81641948670112, "PEVQOY": 38.880743592245665, "IFEPUG": 42.62410306010885, "HOGLEV": 42.32521873425099, "GAQKOB": 36.54140400656364, "HUJGEA": 35.76653290340924, "QARCET": 48.12652406205565, "RIFGAQ": 36.223427054168646, "MIXBAY": 44.12523640916477, "WEGKIE": 39.99095664642815, "UMODEH09": 42.90857732759686, "MIFKUJ": 41.84254342843313, "UMODEH04": 38.557034998687655, "XALXUF": 42.73509727685108, "DITTEH": 42.34652895515908, "PEVBUP": 48.71847468553774, "OKABAE": 40.00042904166868, "LUDLED": 36.43686853854819, "VAZTUM": 45.97446468901025, "ESEHIV": 39.39049698787369, "OBAHUX": 42.731160297460775, "UMODEH19": 39.39321737758999, "ADASOP": 35.45526997951545, "YAVWUQ": 39.13879439806876, "LUSYEF": 41.499728244224364, "LUMZAW": 48.58017289476555, "IQOJAB": 32.88922577175398, "VOLQOD": 46.727786619121055, "GAMXAV": 21.58927773300696, "HAJMIQ": 39.63171169377923, "ZAXQOG": 2.5105883632266015, "UMOBEF01": 40.63571464785229, "LEHXUT": 41.58300117992509, "EPOTAF": 34.01317479989084, "DUPKAC": 39.76792599200038, "LAGWUN": 34.14646249956392, "WIRMOB": 8.925035657062102, "IRELAU": 39.87507754917908, "UMOBEF07": 40.21129740364539, "MUDTEL": 38.87629400185457, "FUWXOL": 43.94527094362051, "NAHNES": 43.60534157727519, "XENMOU": 6.635865571961313, "HUZSOL": 39.71188937711005, "JOVYAW": 55.404728999479346, "BOWNUY": 51.58731905897692, "WIMWIA": 37.791830099573076, "UMOBEF04": 40.6029423521326, "UMOYOM17": 40.47222276328384, "FAHPOV": 45.59219263157995, "FAGXIX": 43.85236062388735, "UMOBEF09": 41.4496747115052, "MEYLIN": 39.3713683929979, "XASPEP": 35.81796080263637, "IWEVAJ": 36.67739880142075, "ZARLEL": 37.739750033894055, "CUQROX": 35.37885280601396, "NATKIF": 43.69589697558953, "cg900153m": 38.86597482129792, "XEDPON": 56.45456427438611, "nchem.2258-s3": 41.45054858329756, "REWNEO": 43.85490668231438, "QOWRAV03": 40.81733685083546, "XALDAS": 44.89896323022889, "NUFBOH": 38.00088556951901, "OQIZUL": 38.6323554892658, "URUWEL": 45.756291938620855, "LIKGUJ": 39.57257438593658, "cm501138g": 33.07453720438018, "COTYIV": 46.59409263645556, "VICYUD": 49.720095248331134, "ZIWLUO": 44.012353980414744, "DOYHUW": 39.89784999667564, "LAQNID": 43.65718447078225, "EDUSUR": 36.22141703804268, "FUTZAX": 39.62093495023959, "MATXAJ": 46.06744757286185, "FAWCEN": 46.50786517576188, "PAPPIH": 2.9636735768274165, "ASUKEE": 2.642317303374188, "ZOBYOG": 40.34943596937789, "GAHWIX": 42.49951248042349, "IVOGUX": 39.110667632097474, "QALHES": 39.51530580207159, "YODWUL": 44.10064748652396, "QOWRAV10": 44.37807923036608, "SARNOQ": 47.43026988937013, "FAGREM": 36.71622164921584, "BUBWOM": 30.63542621042627, "UNADIX": 39.30617385742621, "HIFWAV": 47.410471650458014, "TOFTIT": 40.79981968459983, "GOQSIQ": 46.508575573716186, "RAHNOF": 38.05044184856719, "OZUMIH": 27.66910860780438, "HEDCEA": 39.3121687488384, "BOYCEY": 40.59663313313795, "UMODEH08": 39.67401579070797, "LUDLIH": 36.624568535730454, "IDIXAU": 2.494337958432958, "TEJQAC": 39.316217911901, "QEBKUF": 38.37166398059988, "XUVHEB": 45.03850969998861, "UMOBEF08": 41.256731731677505, "KEQDER": 36.641358055240374, "SERLEI": 40.81462152930706, "OYIVEY": 44.00306828332519, "jacs.6b02030": 41.30961531488343, "RAZYOI": 31.598354908272587, "ZELQAK": 45.27661713050728, "MUDTAH": 45.26405143677395, "COKQOK": 49.17022669632634, "QOWRAV04": 39.544857530753276, "PUWDOA": 39.24245166652976, "UMODEH18": 39.332842887298895, "VUNXUY": 23.824803396501515, "ARAFOP": 5.622769182439625, "WEHJOK": 44.54532177156964, "CAWVIH": 6.177596803758813, "UMUBOV": 41.93999625044124, "XADCEM": 43.06892591382329, "ZACHIX": 33.63083507057102, "TOHSAL": 38.77028746599649, "FUDGES": 56.087046496314905, "JALPAQ": 22.15327652785979, "XOJPES": 23.5943789518876, "DUZPUL": 2.49431562901364, "WEHHOI": 24.998300449783112, "UMODEH01": 40.72357478908732, "YOCCIE": 41.34635894726917, "LASDEQ": 35.29064086591727, "OWIZAW": 43.48067064042869, "UMODEH": 41.60888519429995, "NAHDIM": 21.308648770968297, "XUKNIC": 24.82426508007422, "VIXPUP01": 30.854371851196078, "WEHJIE": 42.15220061088442, "GEGDED": 35.444122704149414, "UMODEH02": 41.28969289098525, "JENKET": 34.89888580717159, "TUMRAW": 42.02791113903554, "SIZPUN": 48.188947654560344, "VAJHIA": 46.89952597364587, "COKMOG": 32.55130029358568, "ECIWOC": 41.92734500510427, "c6ce00407e": 40.278336077999015, "UMODEH07": 37.642112030007276, "LAWFOF": 34.32876081685713, "ja411887c": 40.315566723329354, "LAFFEG02": 39.31208379512978, "QALHAO": 42.158772367428355, "BINRUN": 45.71864819422078, "WEHJUQ": 42.81499511914343, "NEHGEO": 68.42873708415804, "VANHEA": 42.31805671322758, "PURJES": 39.88741259897121, "KOJZIT": 39.041769391794816, "GISMAY": 28.074678671829314, "PUWDIU": 50.778600598647586, "QIYDEJ": 42.69867693306351, "WIVVII": 42.930699081484725, "YONNUL": 37.077266239787846, "HIWXER01": 15.065915139480188, "UMODEH12": 41.20197985777243, "HALQUJ": 40.58522442017894, "WUKXEH": 44.56977550940783, "FAKLUA": 39.795529984916115, "KUYPIF": 56.533998706021976, "UMOVID": 43.530751292944124, "HOWSAP": 30.238216435160343, "HOTFED": 19.844617326979463, "VEHJUP": 43.419509517374706, "PEVQIS": 13.951722290018832, "NUFBUN": 57.46876158343366, "UMODEH10": 38.66394807266334, "DUGMOJ": 35.24500003743745, "ILAXEA": 46.5130226965759, "XUYXAR": 35.76884279767489, "ic402692p": 35.53085105478623, "NAWXER": 41.611390059712825, "QOJYEV": 40.95200083070901, "UMOZUT": 42.78195007791396, "WULQUR": 2.494337958434574, "MIDCAF": 46.85031938063014, "YOZYOD": 44.5228191993465, "OBAHIL": 45.373691132308885, "SEGBIR": 40.92473364621816, "LARPEC": 62.801504678034576, "UFENEZ": 49.2742237789907, "EWUCOP": 39.342640447728435, "WEMYEU": 29.129572703012492, "AFOYOK": 25.336487843910724, "ROQVIE": 21.916061047892505, "PELRIJ": 41.02071571195857, "EPECIN": 45.151234564957434, "ESEVIH": 2.4943379584339955, "HANWAW": 38.26435698813771, "YAVZUT": 39.77066532846059, "UVIPOF": 25.29723830088688, "SOVLEW": 46.88852786985434, "HIFVUO01": 44.565070643455314, "FUTZEB": 38.44994407195814, "IQEKOG": 33.675501932990855, "YUZJOU": 25.54719347055749, "QAKFIU": 47.862120967114855, "QIYDIN": 39.537884695465394, "WEHHIC": 31.50513243959229, "ZECKOJ": 43.98620243076494, "XAMDUM02": 37.73446433798085, "XEFGAQ": 2.5002454807539136, "LUXDUE": 37.973254961562276, "la4012839": 37.605056784253954, "ja5063423": 36.61440586437908, "DAKVOC": 42.00430344245978, "XAMDUM03": 35.062382708961955, "VELVIS": 41.280699806387666, "ja308995t": 53.694991667469694, "KAWHEY": 48.45262379974854, "XISVUR": 36.8967547383467, "FUHNIH": 40.57415377527793, "XAHQAA": 53.32642949441779, "MEFJUE": 44.873470691056575,